7,2,7,-2.8696391815961175,True
13,4,7,0.3207429276315221,True
6,2,6,-3.4526767922856463,True
12,4,6,1.2424275806447926,True
14,4,8,-1.4215648972713424,True
15,5,6,-1.4970220991632461,True
8,2,8,-3.7059406833808533,True
16,5,7,2.147505816908175,True
1,0,7,-4.395200563273842,True
11,3,8,-1.0232326151661533,True
0,0,6,0.25968906001458475,True
5,1,8,2.0737877750168123,True
3,1,6,-0.2540235060853314,True
9,3,6,1.3877166756420651,True
4,1,7,-3.6450668380886637,True
10,3,7,0.8200043476581487,True
2,0,8,-4.479112716441078,True
17,5,8,4.858929337106264,True
0.0,sin,0.0,4.924273,0
1024.0,sin,0.0,4.924273,0
2048.0,sin,0.0,4.924273,0
3072.0,sin,0.0,4.924273,0
4096.0,sin,0.0,4.924273,0
5120.0,sin,0.0,4.924273,0
6144.0,abs,0.0,4.924273,9223372036854775807
7168.0,linear,0.0,4.924273,9223372036854775807
8192.0,sin,0.0,4.924273,9223372036854775807
fitness,-23
7,2,7,-2.8696391815961175,True
13,4,7,0.3207429276315221,True
6,2,6,-3.4526767922856463,True
12,4,6,1.2424275806447926,True
14,4,8,-1.4215648972713424,True
15,5,6,-1.4970220991632461,True
8,2,8,-3.7059406833808533,True
16,5,7,2.147505816908175,True
1,0,7,-4.395200563273842,True
11,3,8,-1.0232326151661533,True
0,0,6,0.25968906001458475,True
5,1,8,2.0737877750168123,True
3,1,6,-0.2540235060853314,True
9,3,6,1.3877166756420651,True
4,1,7,-3.6450668380886637,True
10,3,7,0.8200043476581487,True
2,0,8,-4.479112716441078,True
17,5,8,4.858929337106264,True
0.0,sin,0.0,4.924273,0
1024.0,sin,0.0,4.924273,0
2048.0,sin,0.0,4.924273,0
3072.0,sin,0.0,4.924273,0
4096.0,sin,0.0,4.924273,0
5120.0,sin,0.0,4.924273,0
6144.0,abs,0.0,4.924273,9223372036854775807
7168.0,linear,0.0,4.924273,9223372036854775807
8192.0,sin,0.0,4.924273,9223372036854775807
fitness,-23
7,2,7,-1.701815696955486,True
13,4,7,0.16128318069362463,True
6,2,6,-2.1198985894909557,True
12,4,6,1.5564121242584616,True
14,4,8,4.378730369334537,True
15,5,6,-3.8305964438679885,True
8,2,8,0.5458246824951605,True
16,5,7,-0.323891098782771,True
1,0,7,-1.7296806537748328,True
11,3,8,-1.9656569434075983,False
0,0,6,-1.1325299788597252,True
5,1,8,-1.2434147711995347,True
3,1,6,3.1050995124392387,True
9,3,6,1.934705700252183,True
4,1,7,-4.041218609635735,True
10,3,7,0.7119282931940765,True
2,0,8,-1.968303722942638,True
17,5,8,1.0528499265668807,True
0.0,sin,0.0,4.924273,0
1024.0,sin,0.0,4.924273,0
2048.0,sin,0.0,4.924273,0
3072.0,sin,0.0,4.924273,0
4096.0,sin,0.0,4.924273,0
5120.0,sin,0.0,4.924273,0
6144.0,linear,0.41175387375864214,4.924273,9223372036854775807
7168.0,sigmoid,0.0,4.924273,9223372036854775807
8192.0,abs,0.0,4.924273,9223372036854775807
fitness,-22
7,2,7,-1.0695839438941812,True
13,4,7,-0.30745329095838625,True
6,2,6,6.188426649110641,True
12,4,6,2.1013413665549168,True
14,4,8,2.479596906107231,True
15,5,6,-1.3894932156825917,True
8,2,8,-0.9713095992894452,False
16,5,7,-1.8425829619629064,True
1,0,7,1.4015516126545635,True
11,3,8,3.102188913238633,True
0,0,6,0.2789249069192337,True
5,1,8,-4.133531958886811,True
3,1,6,-1.2399788714223325,False
18,1,9,1.2525339319543465,True
9,3,6,-1.5725228256860522,True
4,1,7,2.0115663302983444,True
10,3,7,2.9756907243913986,True
2,0,8,-3.1836247893170357,True
19,9,6,2.1615662499390047,True
17,5,8,-0.6884810194141668,True
0.0,sin,0.0,4.924273,0
1024.0,sin,0.0,4.924273,0
2048.0,sin,0.0,4.924273,0
3072.0,sin,0.0,4.924273,0
4096.0,sin,0.0,4.924273,0
5120.0,sin,0.0,4.924273,0
6144.0,sin,0.0,4.924273,9223372036854775807
7168.0,linear,-0.44999532729426023,4.924273,9223372036854775807
8192.0,sigmoid,0.0,4.924273,9223372036854775807
3584.0,linear,0.2709508627418893,4.924273,1
fitness,-21
7,2,7,2.9143360461024246,True
13,4,7,-0.23335607402215972,True
6,2,6,-0.35395856694742767,True
12,4,6,-2.1876117333469725,True
14,4,8,1.290694473779969,True
15,5,6,-2.5316475830736236,True
8,2,8,-4.847530660426679,True
16,5,7,-1.1884348094663237,True
1,0,7,-3.2029238333545145,True
11,3,8,2.2705659673926095,True
0,0,6,-2.500794892003778,True
5,1,8,1.3869063425107142,True
3,1,6,-0.562887352166787,True
9,3,6,-1.2189412692219526,True
4,1,7,-0.9976800855060164,True
10,3,7,1.3013339454631772,True
2,0,8,1.2879718595857599,True
17,5,8,-5.09266673578836,True
0.0,sin,0.0,4.924273,0
1024.0,sin,0.0,4.924273,0
2048.0,sin,0.0,4.924273,0
3072.0,sin,0.0,4.924273,0
4096.0,sin,0.0,4.924273,0
5120.0,sin,0.0,4.924273,0
6144.0,sin,0.0,4.924273,9223372036854775807
7168.0,abs,0.0,4.924273,9223372036854775807
8192.0,sin,0.0,4.924273,9223372036854775807
fitness,-26
7,2,7,0.22582864404144976,True
13,4,7,2.8217459588040343,True
6,2,6,3.607366888905555,True
12,4,6,-1.176504795838579,True
14,4,8,-4.479665599963083,True
15,5,6,-0.20721106073366347,True
8,2,8,-1.998576212103852,True
16,5,7,-1.4506469987537092,False
1,0,7,-2.216502047211765,True
11,3,8,0.2843885764581823,True
0,0,6,1.062691423115763,True
5,1,8,-1.1177565876635143,True
3,1,6,0.7590181882244522,True
9,3,6,-1.9839984968443067,True
4,1,7,-0.11649847864374507,True
10,3,7,-1.3041232429350442,True
2,0,8,-1.4953516054668488,True
17,5,8,1.7530426316496714,True
0.0,sin,0.0,4.924273,0
1024.0,sin,0.0,4.924273,0
2048.0,sin,0.0,4.924273,0
3072.0,sin,0.0,4.924273,0
4096.0,sin,0.0,4.924273,0
5120.0,sin,0.0,4.924273,0
6144.0,sin,0.0,4.924273,9223372036854775807
7168.0,bound,0.0,4.924273,9223372036854775807
8192.0,linear,0.0,4.924273,9223372036854775807
fitness,-24
7,2,7,1.0504419463695713,True
13,4,7,0.5672644709099091,True
6,2,6,-2.881788076199204,True
12,4,6,5.362312290159894,True
14,4,8,1.7987665919242264,True
15,5,6,3.7510171575158875,True
8,2,8,1.1677560026636655,True
16,5,7,-2.562790571902986,True
1,0,7,2.301585454093208,True
11,3,8,3.387485155628192,True
0,0,6,1.7294986525738998,True
5,1,8,-0.47536690307936547,True
3,1,6,0.5443281660963545,True
9,3,6,-0.6385248749110878,True
4,1,7,0.2353778238640798,True
10,3,7,-1.344655520066565,True
2,0,8,0.9468188697967226,True
17,5,8,2.724513441465133,True
0.0,sin,0.0,4.924273,0
1024.0,sin,0.0,4.924273,0
2048.0,sin,0.0,4.924273,0
3072.0,sin,0.0,4.924273,0
4096.0,sin,0.0,4.924273,0
5120.0,sin,0.0,4.924273,0
6144.0,sin,0.0,4.924273,9223372036854775807
7168.0,bound,0.0,4.924273,9223372036854775807
8192.0,sin,0.0,4.924273,9223372036854775807
fitness,-10
7,2,7,1.0504419463695713,True
13,4,7,0.5672644709099091,True
6,2,6,-2.881788076199204,True
12,4,6,5.362312290159894,True
14,4,8,1.7987665919242264,True
15,5,6,3.7510171575158875,True
8,2,8,1.1677560026636655,True
16,5,7,-2.562790571902986,True
1,0,7,2.301585454093208,True
11,3,8,3.387485155628192,True
0,0,6,1.7294986525738998,True
5,1,8,-0.47536690307936547,True
3,1,6,0.5443281660963545,True
9,3,6,-0.6385248749110878,True
4,1,7,0.2353778238640798,True
10,3,7,-1.344655520066565,True
2,0,8,0.9468188697967226,True
17,5,8,2.724513441465133,True
0.0,sin,0.0,4.924273,0
1024.0,sin,0.0,4.924273,0
2048.0,sin,0.0,4.924273,0
3072.0,sin,0.0,4.924273,0
4096.0,sin,0.0,4.924273,0
5120.0,sin,0.0,4.924273,0
6144.0,sin,0.0,4.924273,9223372036854775807
7168.0,bound,0.0,4.924273,9223372036854775807
8192.0,sin,0.0,4.924273,9223372036854775807
fitness,-10
7,2,7,1.0504419463695713,True
13,4,7,0.5672644709099091,True
6,2,6,-2.881788076199204,True
12,4,6,5.362312290159894,True
14,4,8,1.7987665919242264,True
15,5,6,3.7510171575158875,True
8,2,8,1.1677560026636655,True
16,5,7,-2.562790571902986,True
1,0,7,2.301585454093208,True
11,3,8,3.387485155628192,True
0,0,6,1.7294986525738998,True
5,1,8,-0.47536690307936547,True
3,1,6,0.5443281660963545,True
9,3,6,-0.6385248749110878,True
4,1,7,0.2353778238640798,True
10,3,7,-1.344655520066565,True
2,0,8,0.9468188697967226,True
17,5,8,2.724513441465133,True
0.0,sin,0.0,4.924273,0
1024.0,sin,0.0,4.924273,0
2048.0,sin,0.0,4.924273,0
3072.0,sin,0.0,4.924273,0
4096.0,sin,0.0,4.924273,0
5120.0,sin,0.0,4.924273,0
6144.0,sin,0.0,4.924273,9223372036854775807
7168.0,bound,0.0,4.924273,9223372036854775807
8192.0,sin,0.0,4.924273,9223372036854775807
fitness,-10
7,2,7,1.0504419463695713,True
13,4,7,0.5672644709099091,True
6,2,6,-2.881788076199204,True
12,4,6,5.362312290159894,True
14,4,8,1.7987665919242264,True
15,5,6,3.7510171575158875,True
8,2,8,1.1677560026636655,True
16,5,7,-2.562790571902986,True
1,0,7,2.301585454093208,True
11,3,8,3.387485155628192,True
0,0,6,1.7294986525738998,True
5,1,8,-0.47536690307936547,True
3,1,6,0.5443281660963545,True
9,3,6,-0.6385248749110878,True
4,1,7,0.2353778238640798,True
10,3,7,-1.344655520066565,True
2,0,8,0.9468188697967226,True
17,5,8,2.724513441465133,True
0.0,sin,0.0,4.924273,0
1024.0,sin,0.0,4.924273,0
2048.0,sin,0.0,4.924273,0
3072.0,sin,0.0,4.924273,0
4096.0,sin,0.0,4.924273,0
5120.0,sin,0.0,4.924273,0
6144.0,sin,0.0,4.924273,9223372036854775807
7168.0,bound,0.0,4.924273,9223372036854775807
8192.0,sin,0.0,4.924273,9223372036854775807
fitness,-10
7,2,7,1.4174125039378227,True
13,4,7,3.006161139360855,False
6,2,6,-1.0051947241464616,True
12,4,6,-1.8955740248890618,True
14,4,8,-2.9108770358904907,True
15,5,6,-1.0534041633084352,True
8,2,8,5.974651652345567,True
16,5,7,11.513210354518645,True
1,0,7,4.497926338508065,True
11,3,8,-1.330675364195742,True
0,0,6,3.581416043047996,True
5,1,8,0.4287505452525006,False
3,1,6,4.03377321022384,True
9,3,6,1.075364969648412,True
4,1,7,1.3710268800114334,True
10,3,7,3.227237843825235,True
2,0,8,0.15730384380346418,True
18,7,8,7.12005300949555,True
17,5,8,-7.62943483500883,True
0.0,sin,0.0,4.924273,0
1024.0,sin,0.0,4.924273,0
2048.0,sin,0.0,4.924273,0
3072.0,sin,0.0,4.924273,0
4096.0,sin,0.0,4.924273,0
5120.0,sin,0.0,4.924273,0
6144.0,sin,0.0,4.924273,9223372036854775807
7168.0,sin,0.0,4.924273,9223372036854775807
8192.0,sin,0.0,4.924273,9223372036854775807
fitness,-15
7,2,7,1.4174125039378227,True
13,4,7,3.006161139360855,False
6,2,6,-1.0051947241464616,True
12,4,6,-1.8955740248890618,True
14,4,8,-2.9108770358904907,True
15,5,6,-1.0534041633084352,True
8,2,8,5.974651652345567,True
16,5,7,11.513210354518645,True
1,0,7,4.497926338508065,True
11,3,8,-1.330675364195742,True
0,0,6,3.581416043047996,True
5,1,8,0.4287505452525006,False
3,1,6,4.03377321022384,True
9,3,6,1.075364969648412,True
4,1,7,1.3710268800114334,True
10,3,7,3.227237843825235,True
2,0,8,0.15730384380346418,True
18,7,8,7.12005300949555,True
17,5,8,-7.62943483500883,True
0.0,sin,0.0,4.924273,0
1024.0,sin,0.0,4.924273,0
2048.0,sin,0.0,4.924273,0
3072.0,sin,0.0,4.924273,0
4096.0,sin,0.0,4.924273,0
5120.0,sin,0.0,4.924273,0
6144.0,sin,0.0,4.924273,9223372036854775807
7168.0,sin,0.0,4.924273,9223372036854775807
8192.0,sin,0.0,4.924273,9223372036854775807
fitness,-15
7,2,7,1.4174125039378227,True
13,4,7,3.006161139360855,False
6,2,6,-1.0051947241464616,True
12,4,6,-1.8955740248890618,True
14,4,8,-2.9108770358904907,True
15,5,6,-1.0534041633084352,True
8,2,8,5.974651652345567,True
16,5,7,11.513210354518645,True
1,0,7,4.497926338508065,True
11,3,8,-1.330675364195742,True
0,0,6,3.581416043047996,True
5,1,8,0.4287505452525006,False
3,1,6,4.03377321022384,True
9,3,6,1.075364969648412,True
4,1,7,1.3710268800114334,True
10,3,7,3.227237843825235,True
2,0,8,0.15730384380346418,True
18,7,8,7.12005300949555,True
17,5,8,-7.62943483500883,True
0.0,sin,0.0,4.924273,0
1024.0,sin,0.0,4.924273,0
2048.0,sin,0.0,4.924273,0
3072.0,sin,0.0,4.924273,0
4096.0,sin,0.0,4.924273,0
5120.0,sin,0.0,4.924273,0
6144.0,sin,0.0,4.924273,9223372036854775807
7168.0,sin,0.0,4.924273,9223372036854775807
8192.0,sin,0.0,4.924273,9223372036854775807
fitness,-15
7,2,7,3.412049006942291,True
13,4,7,2.4558298402612575,True
6,2,6,0.5416358884105563,True
12,4,6,-5.182602986592394,True
14,4,8,-0.4402856411538857,True
15,5,6,4.640893358525402,True
8,2,8,4.746286946455595,True
16,5,7,-0.40245083813179505,True
1,0,7,-1.797171515656826,True
11,3,8,-3.6118885619192063,True
0,0,6,3.351136182895943,True
5,1,8,0.465864650545172,True
3,1,6,1.2939980100740158,True
9,3,6,4.995200663937421,True
4,1,7,6.47161800641692,True
10,3,7,-2.1616543836604665,True
2,0,8,-5.0613419069923635,True
17,5,8,-3.7550251714489753,True
0.0,sin,0.0,4.924273,0
1024.0,sin,0.0,4.924273,0
2048.0,sin,0.0,4.924273,0
3072.0,sin,0.0,4.924273,0
4096.0,sin,0.0,4.924273,0
5120.0,sin,0.0,4.924273,0
6144.0,sin,-0.5093475826811299,4.924273,9223372036854775807
7168.0,bound,0.0,4.924273,9223372036854775807
8192.0,sin,-0.2843314868883819,4.924273,9223372036854775807
fitness,-1
7,2,7,3.412049006942291,True
13,4,7,2.4558298402612575,True
6,2,6,0.5416358884105563,True
12,4,6,-5.182602986592394,True
14,4,8,-0.4402856411538857,True
15,5,6,4.640893358525402,True
8,2,8,4.746286946455595,True
16,5,7,-0.40245083813179505,True
1,0,7,-1.797171515656826,True
11,3,8,-3.6118885619192063,True
0,0,6,3.351136182895943,True
5,1,8,0.465864650545172,True
3,1,6,1.2939980100740158,True
9,3,6,4.995200663937421,True
4,1,7,6.47161800641692,True
10,3,7,-2.1616543836604665,True
2,0,8,-5.0613419069923635,True
17,5,8,-3.7550251714489753,True
0.0,sin,0.0,4.924273,0
1024.0,sin,0.0,4.924273,0
2048.0,sin,0.0,4.924273,0
3072.0,sin,0.0,4.924273,0
4096.0,sin,0.0,4.924273,0
5120.0,sin,0.0,4.924273,0
6144.0,sin,-0.5093475826811299,4.924273,9223372036854775807
7168.0,bound,0.0,4.924273,9223372036854775807
8192.0,sin,-0.2843314868883819,4.924273,9223372036854775807
fitness,-1
7,2,7,3.412049006942291,True
13,4,7,2.4558298402612575,True
6,2,6,0.5416358884105563,True
12,4,6,-5.182602986592394,True
14,4,8,-0.4402856411538857,True
15,5,6,4.640893358525402,True
8,2,8,4.746286946455595,True
16,5,7,-0.40245083813179505,True
1,0,7,-1.797171515656826,True
11,3,8,-3.6118885619192063,True
0,0,6,3.351136182895943,True
5,1,8,0.465864650545172,True
3,1,6,1.2939980100740158,True
9,3,6,4.995200663937421,True
4,1,7,6.47161800641692,True
10,3,7,-2.1616543836604665,True
2,0,8,-5.0613419069923635,True
17,5,8,-3.7550251714489753,True
0.0,sin,0.0,4.924273,0
1024.0,sin,0.0,4.924273,0
2048.0,sin,0.0,4.924273,0
3072.0,sin,0.0,4.924273,0
4096.0,sin,0.0,4.924273,0
5120.0,sin,0.0,4.924273,0
6144.0,sin,-0.5093475826811299,4.924273,9223372036854775807
7168.0,bound,0.0,4.924273,9223372036854775807
8192.0,sin,-0.2843314868883819,4.924273,9223372036854775807
fitness,-1
2,1,4,3.115461779518781,True
3,1,5,-4.172153099481149,True
1,0,5,-1.507406434697086,True
0,0,4,-1.4301751192569077,True
5,2,5,-1.8042830592025616,True
6,3,4,-1.9747832963967367,True
4,2,4,2.1768239912119283,True
7,3,5,-1.7896728531885624,True
0.0,sin,0.0,4.924273,0
1024.0,sin,0.0,4.924273,0
2048.0,sin,0.0,4.924273,0
3072.0,sin,0.0,4.924273,0
4096.0,sin,0.0,4.924273,9223372036854775807
5120.0,linear,0.0,4.924273,9223372036854775807
fitness,-33
2,1,4,2.615815112945239,True
3,1,5,1.7735658905354406,True
1,0,5,-1.170979909528352,True
0,0,4,4.437125484611212,True
5,2,5,4.299705870319643,True
6,3,4,2.2495099150342446,True
4,2,4,-0.91696526150966,True
7,3,5,2.947801779218075,True
0.0,sin,0.0,4.924273,0
1024.0,sin,0.0,4.924273,0
2048.0,sin,0.0,4.924273,0
3072.0,sin,0.0,4.924273,0
4096.0,sin,0.0,4.924273,9223372036854775807
5120.0,bound,0.0,4.924273,9223372036854775807
fitness,-26
2,1,4,-0.1757671191633161,True
3,1,5,2.2314169554661305,True
1,0,5,0.740909673888182,True
0,0,4,-1.0558899144471883,True
5,2,5,0.10892319273847817,True
6,3,4,-0.6341403335760338,True
4,2,4,5.880834847358313,True
7,3,5,-0.3214931854940062,True
0.0,sin,0.0,4.924273,0
1024.0,sin,0.0,4.924273,0
2048.0,sin,0.0,4.924273,0
3072.0,sin,0.0,4.924273,0
4096.0,abs,0.0,4.924273,9223372036854775807
5120.0,linear,0.0,4.924273,9223372036854775807
fitness,-10
2,1,4,-0.1757671191633161,True
3,1,5,2.2314169554661305,True
1,0,5,0.740909673888182,True
0,0,4,-1.0558899144471883,True
5,2,5,0.10892319273847817,True
6,3,4,-0.6341403335760338,True
4,2,4,5.880834847358313,True
7,3,5,-0.3214931854940062,True
0.0,sin,0.0,4.924273,0
1024.0,sin,0.0,4.924273,0
2048.0,sin,0.0,4.924273,0
3072.0,sin,0.0,4.924273,0
4096.0,abs,0.0,4.924273,9223372036854775807
5120.0,linear,0.0,4.924273,9223372036854775807
fitness,-10
2,1,4,-0.1757671191633161,True
3,1,5,2.2314169554661305,True
1,0,5,0.740909673888182,True
0,0,4,-1.0558899144471883,True
5,2,5,0.10892319273847817,True
6,3,4,-0.6341403335760338,True
4,2,4,5.880834847358313,True
7,3,5,-0.3214931854940062,True
0.0,sin,0.0,4.924273,0
1024.0,sin,0.0,4.924273,0
2048.0,sin,0.0,4.924273,0
3072.0,sin,0.0,4.924273,0
4096.0,abs,0.0,4.924273,9223372036854775807
5120.0,linear,0.0,4.924273,9223372036854775807
fitness,-10
2,1,4,-2.123684400693495,True
3,1,5,2.2314169554661305,True
1,0,5,-0.5122231972223732,True
0,0,4,-1.0558899144471883,True
5,2,5,0.10892319273847817,True
6,3,4,-0.5421695883493437,True
4,2,4,5.051068813393942,True
7,3,5,1.5510593965769002,True
0.0,sin,0.0,4.924273,0
1024.0,sin,0.0,4.924273,0
2048.0,sin,0.0,4.924273,0
3072.0,sin,0.0,4.924273,0
4096.0,abs,0.0,4.924273,9223372036854775807
5120.0,sin,0.3563281511971955,4.924273,9223372036854775807
fitness,-2
2,1,4,-2.123684400693495,True
3,1,5,2.2314169554661305,True
1,0,5,-0.5122231972223732,True
0,0,4,-1.0558899144471883,True
5,2,5,0.10892319273847817,True
6,3,4,-0.5421695883493437,True
4,2,4,5.051068813393942,True
7,3,5,1.5510593965769002,True
0.0,sin,0.0,4.924273,0
1024.0,sin,0.0,4.924273,0
2048.0,sin,0.0,4.924273,0
3072.0,sin,0.0,4.924273,0
4096.0,abs,0.0,4.924273,9223372036854775807
5120.0,sin,0.3563281511971955,4.924273,9223372036854775807
fitness,-2
2,1,4,-2.123684400693495,True
3,1,5,2.2314169554661305,True
1,0,5,-0.5122231972223732,True
0,0,4,-1.0558899144471883,True
5,2,5,0.10892319273847817,True
6,3,4,-0.5421695883493437,True
4,2,4,5.051068813393942,True
7,3,5,1.5510593965769002,True
0.0,sin,0.0,4.924273,0
1024.0,sin,0.0,4.924273,0
2048.0,sin,0.0,4.924273,0
3072.0,sin,0.0,4.924273,0
4096.0,abs,0.0,4.924273,9223372036854775807
5120.0,sin,0.3563281511971955,4.924273,9223372036854775807
fitness,-2
2,1,4,-2.123684400693495,True
3,1,5,2.2314169554661305,True
1,0,5,-0.5122231972223732,True
0,0,4,-1.0558899144471883,True
5,2,5,0.10892319273847817,True
6,3,4,-0.5421695883493437,True
4,2,4,5.051068813393942,True
7,3,5,1.5510593965769002,True
0.0,sin,0.0,4.924273,0
1024.0,sin,0.0,4.924273,0
2048.0,sin,0.0,4.924273,0
3072.0,sin,0.0,4.924273,0
4096.0,abs,0.0,4.924273,9223372036854775807
5120.0,sin,0.3563281511971955,4.924273,9223372036854775807
fitness,-2
2,1,4,-2.123684400693495,True
3,1,5,2.2314169554661305,True
1,0,5,-0.5122231972223732,True
0,0,4,-1.0558899144471883,True
5,2,5,0.10892319273847817,True
6,3,4,-0.5421695883493437,True
4,2,4,5.051068813393942,True
7,3,5,1.5510593965769002,True
0.0,sin,0.0,4.924273,0
1024.0,sin,0.0,4.924273,0
2048.0,sin,0.0,4.924273,0
3072.0,sin,0.0,4.924273,0
4096.0,abs,0.0,4.924273,9223372036854775807
5120.0,sin,0.3563281511971955,4.924273,9223372036854775807
fitness,-2
2,1,4,-2.123684400693495,True
3,1,5,2.2314169554661305,True
1,0,5,-0.5122231972223732,True
0,0,4,-1.0558899144471883,True
5,2,5,0.10892319273847817,True
6,3,4,-0.5421695883493437,True
4,2,4,5.051068813393942,True
7,3,5,1.5510593965769002,True
0.0,sin,0.0,4.924273,0
1024.0,sin,0.0,4.924273,0
2048.0,sin,0.0,4.924273,0
3072.0,sin,0.0,4.924273,0
4096.0,abs,0.0,4.924273,9223372036854775807
5120.0,sin,0.3563281511971955,4.924273,9223372036854775807
fitness,-2
2,1,4,-2.123684400693495,True
3,1,5,2.2314169554661305,True
1,0,5,-0.5122231972223732,True
0,0,4,-1.0558899144471883,True
5,2,5,0.10892319273847817,True
6,3,4,-0.5421695883493437,True
4,2,4,5.051068813393942,True
7,3,5,1.5510593965769002,True
0.0,sin,0.0,4.924273,0
1024.0,sin,0.0,4.924273,0
2048.0,sin,0.0,4.924273,0
3072.0,sin,0.0,4.924273,0
4096.0,abs,0.0,4.924273,9223372036854775807
5120.0,sin,0.3563281511971955,4.924273,9223372036854775807
fitness,-2
2,1,4,-2.123684400693495,True
3,1,5,2.2314169554661305,True
1,0,5,-0.5122231972223732,True
0,0,4,-1.0558899144471883,True
5,2,5,0.10892319273847817,True
6,3,4,-0.5421695883493437,True
4,2,4,5.051068813393942,True
7,3,5,1.5510593965769002,True
0.0,sin,0.0,4.924273,0
1024.0,sin,0.0,4.924273,0
2048.0,sin,0.0,4.924273,0
3072.0,sin,0.0,4.924273,0
4096.0,abs,0.0,4.924273,9223372036854775807
5120.0,sin,0.3563281511971955,4.924273,9223372036854775807
fitness,-2
2,1,4,-2.123684400693495,True
3,1,5,2.2314169554661305,True
1,0,5,-0.5122231972223732,True
0,0,4,-1.0558899144471883,True
5,2,5,0.10892319273847817,True
6,3,4,-0.5421695883493437,True
4,2,4,5.051068813393942,True
7,3,5,1.5510593965769002,True
0.0,sin,0.0,4.924273,0
1024.0,sin,0.0,4.924273,0
2048.0,sin,0.0,4.924273,0
3072.0,sin,0.0,4.924273,0
4096.0,abs,0.0,4.924273,9223372036854775807
5120.0,sin,0.3563281511971955,4.924273,9223372036854775807
fitness,-2
2,1,4,-2.123684400693495,True
3,1,5,2.2314169554661305,True
1,0,5,-0.5122231972223732,True
0,0,4,-1.0558899144471883,True
5,2,5,0.10892319273847817,True
6,3,4,-0.5421695883493437,True
4,2,4,5.051068813393942,True
7,3,5,1.5510593965769002,True
0.0,sin,0.0,4.924273,0
1024.0,sin,0.0,4.924273,0
2048.0,sin,0.0,4.924273,0
3072.0,sin,0.0,4.924273,0
4096.0,abs,0.0,4.924273,9223372036854775807
5120.0,sin,0.3563281511971955,4.924273,9223372036854775807
fitness,-2
2,1,4,-2.123684400693495,True
3,1,5,2.2314169554661305,True
1,0,5,-0.5122231972223732,True
0,0,4,-1.0558899144471883,True
5,2,5,0.10892319273847817,True
6,3,4,-0.5421695883493437,True
4,2,4,5.051068813393942,True
7,3,5,1.5510593965769002,True
0.0,sin,0.0,4.924273,0
1024.0,sin,0.0,4.924273,0
2048.0,sin,0.0,4.924273,0
3072.0,sin,0.0,4.924273,0
4096.0,abs,0.0,4.924273,9223372036854775807
5120.0,sin,0.3563281511971955,4.924273,9223372036854775807
fitness,-2
2,1,4,-2.123684400693495,True
3,1,5,2.2314169554661305,True
1,0,5,-0.5122231972223732,True
0,0,4,-1.0558899144471883,True
5,2,5,0.10892319273847817,True
6,3,4,-0.5421695883493437,True
4,2,4,5.051068813393942,True
7,3,5,1.5510593965769002,True
0.0,sin,0.0,4.924273,0
1024.0,sin,0.0,4.924273,0
2048.0,sin,0.0,4.924273,0
3072.0,sin,0.0,4.924273,0
4096.0,abs,0.0,4.924273,9223372036854775807
5120.0,sin,0.3563281511971955,4.924273,9223372036854775807
fitness,-2
2,1,4,-2.123684400693495,True
3,1,5,2.2314169554661305,True
1,0,5,-0.5122231972223732,True
0,0,4,-1.0558899144471883,True
5,2,5,0.10892319273847817,True
6,3,4,-0.5421695883493437,True
4,2,4,5.051068813393942,True
7,3,5,1.5510593965769002,True
0.0,sin,0.0,4.924273,0
1024.0,sin,0.0,4.924273,0
2048.0,sin,0.0,4.924273,0
3072.0,sin,0.0,4.924273,0
4096.0,abs,0.0,4.924273,9223372036854775807
5120.0,sin,0.3563281511971955,4.924273,9223372036854775807
fitness,-2
2,1,4,-2.123684400693495,True
3,1,5,2.2314169554661305,True
1,0,5,-0.5122231972223732,True
0,0,4,-1.0558899144471883,True
5,2,5,0.10892319273847817,True
6,3,4,-0.5421695883493437,True
4,2,4,5.051068813393942,True
7,3,5,1.5510593965769002,True
0.0,sin,0.0,4.924273,0
1024.0,sin,0.0,4.924273,0
2048.0,sin,0.0,4.924273,0
3072.0,sin,0.0,4.924273,0
4096.0,abs,0.0,4.924273,9223372036854775807
5120.0,sin,0.3563281511971955,4.924273,9223372036854775807
fitness,-2
2,1,4,-2.123684400693495,True
3,1,5,2.2314169554661305,True
1,0,5,-0.5122231972223732,True
0,0,4,-1.0558899144471883,True
5,2,5,0.10892319273847817,True
6,3,4,-0.5421695883493437,True
4,2,4,5.051068813393942,True
7,3,5,1.5510593965769002,True
0.0,sin,0.0,4.924273,0
1024.0,sin,0.0,4.924273,0
2048.0,sin,0.0,4.924273,0
3072.0,sin,0.0,4.924273,0
4096.0,abs,0.0,4.924273,9223372036854775807
5120.0,sin,0.3563281511971955,4.924273,9223372036854775807
fitness,-2
2,1,4,-2.123684400693495,True
3,1,5,2.2314169554661305,True
1,0,5,-0.5122231972223732,True
0,0,4,-1.0558899144471883,True
5,2,5,0.10892319273847817,True
6,3,4,-0.5421695883493437,True
4,2,4,5.051068813393942,True
7,3,5,1.5510593965769002,True
0.0,sin,0.0,4.924273,0
1024.0,sin,0.0,4.924273,0
2048.0,sin,0.0,4.924273,0
3072.0,sin,0.0,4.924273,0
4096.0,abs,0.0,4.924273,9223372036854775807
5120.0,sin,0.3563281511971955,4.924273,9223372036854775807
fitness,-2
2,1,4,-2.123684400693495,True
3,1,5,2.2314169554661305,True
1,0,5,-0.5122231972223732,True
0,0,4,-1.0558899144471883,True
5,2,5,0.10892319273847817,True
6,3,4,-0.5421695883493437,True
4,2,4,5.051068813393942,True
7,3,5,1.5510593965769002,True
0.0,sin,0.0,4.924273,0
1024.0,sin,0.0,4.924273,0
2048.0,sin,0.0,4.924273,0
3072.0,sin,0.0,4.924273,0
4096.0,abs,0.0,4.924273,9223372036854775807
5120.0,sin,0.3563281511971955,4.924273,9223372036854775807
fitness,-2
2,1,4,-2.123684400693495,True
3,1,5,2.2314169554661305,True
1,0,5,-0.5122231972223732,True
0,0,4,-1.0558899144471883,True
5,2,5,0.10892319273847817,True
6,3,4,-0.5421695883493437,True
4,2,4,5.051068813393942,True
7,3,5,1.5510593965769002,True
0.0,sin,0.0,4.924273,0
1024.0,sin,0.0,4.924273,0
2048.0,sin,0.0,4.924273,0
3072.0,sin,0.0,4.924273,0
4096.0,abs,0.0,4.924273,9223372036854775807
5120.0,sin,0.3563281511971955,4.924273,9223372036854775807
fitness,-2
2,1,4,-2.123684400693495,True
3,1,5,2.2314169554661305,True
1,0,5,-0.5122231972223732,True
0,0,4,-1.0558899144471883,True
5,2,5,0.10892319273847817,True
6,3,4,-0.5421695883493437,True
4,2,4,5.051068813393942,True
7,3,5,1.5510593965769002,True
0.0,sin,0.0,4.924273,0
1024.0,sin,0.0,4.924273,0
2048.0,sin,0.0,4.924273,0
3072.0,sin,0.0,4.924273,0
4096.0,abs,0.0,4.924273,9223372036854775807
5120.0,sin,0.3563281511971955,4.924273,9223372036854775807
fitness,-2
2,1,4,-2.123684400693495,True
3,1,5,2.2314169554661305,True
1,0,5,-0.5122231972223732,True
0,0,4,-1.0558899144471883,True
5,2,5,0.10892319273847817,True
6,3,4,-0.5421695883493437,True
4,2,4,5.051068813393942,True
7,3,5,1.5510593965769002,True
0.0,sin,0.0,4.924273,0
1024.0,sin,0.0,4.924273,0
2048.0,sin,0.0,4.924273,0
3072.0,sin,0.0,4.924273,0
4096.0,abs,0.0,4.924273,9223372036854775807
5120.0,sin,0.3563281511971955,4.924273,9223372036854775807
fitness,-2
2,1,4,-2.123684400693495,True
3,1,5,2.2314169554661305,True
1,0,5,-0.5122231972223732,True
0,0,4,-1.0558899144471883,True
5,2,5,0.10892319273847817,True
6,3,4,-0.5421695883493437,True
4,2,4,5.051068813393942,True
7,3,5,1.5510593965769002,True
0.0,sin,0.0,4.924273,0
1024.0,sin,0.0,4.924273,0
2048.0,sin,0.0,4.924273,0
3072.0,sin,0.0,4.924273,0
4096.0,abs,0.0,4.924273,9223372036854775807
5120.0,sin,0.3563281511971955,4.924273,9223372036854775807
fitness,-2
2,1,4,-2.123684400693495,True
3,1,5,2.2314169554661305,True
1,0,5,-0.5122231972223732,True
0,0,4,-1.0558899144471883,True
5,2,5,0.10892319273847817,True
6,3,4,-0.5421695883493437,True
4,2,4,5.051068813393942,True
7,3,5,1.5510593965769002,True
0.0,sin,0.0,4.924273,0
1024.0,sin,0.0,4.924273,0
2048.0,sin,0.0,4.924273,0
3072.0,sin,0.0,4.924273,0
4096.0,abs,0.0,4.924273,9223372036854775807
5120.0,sin,0.3563281511971955,4.924273,9223372036854775807
fitness,-2
2,1,4,-2.123684400693495,True
3,1,5,2.2314169554661305,True
1,0,5,-0.5122231972223732,True
0,0,4,-1.0558899144471883,True
5,2,5,0.10892319273847817,True
6,3,4,-0.5421695883493437,True
4,2,4,5.051068813393942,True
7,3,5,1.5510593965769002,True
0.0,sin,0.0,4.924273,0
1024.0,sin,0.0,4.924273,0
2048.0,sin,0.0,4.924273,0
3072.0,sin,0.0,4.924273,0
4096.0,abs,0.0,4.924273,9223372036854775807
5120.0,sin,0.3563281511971955,4.924273,9223372036854775807
fitness,-2
2,1,4,-2.123684400693495,True
3,1,5,2.2314169554661305,True
1,0,5,-0.5122231972223732,True
0,0,4,-1.0558899144471883,True
5,2,5,0.10892319273847817,True
6,3,4,-0.5421695883493437,True
4,2,4,5.051068813393942,True
7,3,5,1.5510593965769002,True
0.0,sin,0.0,4.924273,0
1024.0,sin,0.0,4.924273,0
2048.0,sin,0.0,4.924273,0
3072.0,sin,0.0,4.924273,0
4096.0,abs,0.0,4.924273,9223372036854775807
5120.0,sin,0.3563281511971955,4.924273,9223372036854775807
fitness,-2
2,1,4,-2.123684400693495,True
3,1,5,2.2314169554661305,True
1,0,5,-0.5122231972223732,True
0,0,4,-1.0558899144471883,True
5,2,5,0.10892319273847817,True
6,3,4,-0.5421695883493437,True
4,2,4,5.051068813393942,True
7,3,5,1.5510593965769002,True
0.0,sin,0.0,4.924273,0
1024.0,sin,0.0,4.924273,0
2048.0,sin,0.0,4.924273,0
3072.0,sin,0.0,4.924273,0
4096.0,abs,0.0,4.924273,9223372036854775807
5120.0,sin,0.3563281511971955,4.924273,9223372036854775807
fitness,-2
2,1,4,-2.123684400693495,True
3,1,5,2.2314169554661305,True
1,0,5,-0.5122231972223732,True
0,0,4,-1.0558899144471883,True
5,2,5,0.10892319273847817,True
6,3,4,-0.5421695883493437,True
4,2,4,5.051068813393942,True
7,3,5,1.5510593965769002,True
0.0,sin,0.0,4.924273,0
1024.0,sin,0.0,4.924273,0
2048.0,sin,0.0,4.924273,0
3072.0,sin,0.0,4.924273,0
4096.0,abs,0.0,4.924273,9223372036854775807
5120.0,sin,0.3563281511971955,4.924273,9223372036854775807
fitness,-2
2,1,4,-2.123684400693495,True
3,1,5,2.2314169554661305,True
1,0,5,-0.5122231972223732,True
0,0,4,-1.0558899144471883,True
5,2,5,0.10892319273847817,True
6,3,4,-0.5421695883493437,True
4,2,4,5.051068813393942,True
7,3,5,1.5510593965769002,True
0.0,sin,0.0,4.924273,0
1024.0,sin,0.0,4.924273,0
2048.0,sin,0.0,4.924273,0
3072.0,sin,0.0,4.924273,0
4096.0,abs,0.0,4.924273,9223372036854775807
5120.0,sin,0.3563281511971955,4.924273,9223372036854775807
fitness,-2
2,1,4,-2.123684400693495,True
3,1,5,2.2314169554661305,True
1,0,5,-0.5122231972223732,True
0,0,4,-1.0558899144471883,True
5,2,5,0.10892319273847817,True
6,3,4,-0.5421695883493437,True
4,2,4,5.051068813393942,True
7,3,5,1.5510593965769002,True
0.0,sin,0.0,4.924273,0
1024.0,sin,0.0,4.924273,0
2048.0,sin,0.0,4.924273,0
3072.0,sin,0.0,4.924273,0
4096.0,abs,0.0,4.924273,9223372036854775807
5120.0,sin,0.3563281511971955,4.924273,9223372036854775807
fitness,-2
2,1,4,-2.123684400693495,True
3,1,5,2.2314169554661305,True
1,0,5,-0.5122231972223732,True
0,0,4,-1.0558899144471883,True
5,2,5,0.10892319273847817,True
6,3,4,-0.5421695883493437,True
4,2,4,5.051068813393942,True
7,3,5,1.5510593965769002,True
0.0,sin,0.0,4.924273,0
1024.0,sin,0.0,4.924273,0
2048.0,sin,0.0,4.924273,0
3072.0,sin,0.0,4.924273,0
4096.0,abs,0.0,4.924273,9223372036854775807
5120.0,sin,0.3563281511971955,4.924273,9223372036854775807
fitness,-2
10,2,7,-3.2001772397207007,True
20,10,4,0.6609600496505568,True
8,1,6,-5.311050373284401,True
0,0,4,1.407290550750178,True
23,8,10,-3.434521984358301,True
2,1,4,1.0208605180639614,True
15,3,8,1.5306881274817998,True
3,1,5,-12.035818992940966,True
11,7,5,-1.0996274439988858,True
1,0,5,4.48011907554812,True
12,0,7,4.9992361512167935,True
16,8,7,-1.9078096001590046,True
13,3,7,-1.2535201320216527,True
18,9,5,-1.7128736481788716,True
5,2,5,-0.11512519245345182,True
7,3,5,-2.1900028196846995,True
6,3,4,1.4746155520744897,True
4,2,4,-4.641112667968177,True
9,6,5,0.5803321575349251,True
14,8,4,-4.8517096502726424,True
0.0,sin,0.0,4.924273,0
1024.0,sin,0.0,4.924273,0
2048.0,sin,0.0,4.924273,0
3072.0,sin,0.0,4.924273,0
4096.0,linear,1.1295551943097584,4.924273,9223372036854775807
5120.0,bound,-0.01818753214291169,4.924273,9223372036854775807
4096.0,linear,-0.6360536450358123,4.924273,1
4096.0,sin,0.08726273805343641,4.924273,1
3584.0,abs,-2.0449321353087266,4.924273,1
3584.0,gauss,-0.04344090393792194,4.924273,1
3840.0,bound,-0.4711445971498272,4.924273,2
fitness,-5
10,2,7,-3.2001772397207007,True
20,10,4,0.6609600496505568,True
8,1,6,-5.311050373284401,True
0,0,4,1.407290550750178,True
23,8,10,-3.434521984358301,True
2,1,4,1.0208605180639614,True
15,3,8,1.5306881274817998,True
3,1,5,-12.035818992940966,True
11,7,5,-1.0996274439988858,True
1,0,5,4.48011907554812,True
12,0,7,4.9992361512167935,True
16,8,7,-1.9078096001590046,True
13,3,7,-1.2535201320216527,True
18,9,5,-1.7128736481788716,True
5,2,5,-0.11512519245345182,True
7,3,5,-2.1900028196846995,True
6,3,4,1.4746155520744897,True
4,2,4,-4.641112667968177,True
9,6,5,0.5803321575349251,True
14,8,4,-4.8517096502726424,True
0.0,sin,0.0,4.924273,0
1024.0,sin,0.0,4.924273,0
2048.0,sin,0.0,4.924273,0
3072.0,sin,0.0,4.924273,0
4096.0,linear,1.1295551943097584,4.924273,9223372036854775807
5120.0,bound,-0.01818753214291169,4.924273,9223372036854775807
4096.0,linear,-0.6360536450358123,4.924273,1
4096.0,sin,0.08726273805343641,4.924273,1
3584.0,abs,-2.0449321353087266,4.924273,1
3584.0,gauss,-0.04344090393792194,4.924273,1
3840.0,bound,-0.4711445971498272,4.924273,2
fitness,-5
10,2,7,-3.2001772397207007,True
20,10,4,0.6609600496505568,True
8,1,6,-5.311050373284401,True
0,0,4,1.407290550750178,True
23,8,10,-3.434521984358301,True
2,1,4,1.0208605180639614,True
15,3,8,1.5306881274817998,True
3,1,5,-12.035818992940966,True
11,7,5,-1.0996274439988858,True
1,0,5,4.48011907554812,True
12,0,7,4.9992361512167935,True
16,8,7,-1.9078096001590046,True
13,3,7,-1.2535201320216527,True
18,9,5,-1.7128736481788716,True
5,2,5,-0.11512519245345182,True
7,3,5,-2.1900028196846995,True
6,3,4,1.4746155520744897,True
4,2,4,-4.641112667968177,True
9,6,5,0.5803321575349251,True
14,8,4,-4.8517096502726424,True
0.0,sin,0.0,4.924273,0
1024.0,sin,0.0,4.924273,0
2048.0,sin,0.0,4.924273,0
3072.0,sin,0.0,4.924273,0
4096.0,linear,1.1295551943097584,4.924273,9223372036854775807
5120.0,bound,-0.01818753214291169,4.924273,9223372036854775807
4096.0,linear,-0.6360536450358123,4.924273,1
4096.0,sin,0.08726273805343641,4.924273,1
3584.0,abs,-2.0449321353087266,4.924273,1
3584.0,gauss,-0.04344090393792194,4.924273,1
3840.0,bound,-0.4711445971498272,4.924273,2
fitness,-5
35,10,11,-0.7319021797420184,True
24,10,6,-0.5591266003359308,True
5,2,5,2.4931386184253963,True
15,8,5,0.981294047540374,True
22,10,7,0.9096082744634326,False
23,8,10,-0.5465620823435289,False
3,1,5,0.5346252756845786,True
0,0,4,-0.5868180659073003,True
14,8,6,1.261311847467303,True
16,9,7,1.849747700070367,True
9,6,4,0.8510749340317122,False
2,1,4,1.7626400448761248,True
1,0,5,-4.106397727181443,False
41,12,10,-0.5465620823435289,True
13,0,8,0.9171207108916186,True
7,3,5,-1.0446120629920925,True
10,2,7,-0.3691313707538235,True
28,11,7,2.262650636510199,True
40,8,12,1.0,True
12,7,4,3.030279030058163,True
8,0,6,-3.8109150682848765,True
6,3,4,-2.377403264907607,True
4,2,4,2.587897954916307,True
0.0,sin,0.0,4.924273,0
1024.0,sin,0.0,4.924273,0
2048.0,sin,0.0,4.924273,0
3072.0,sin,0.0,4.924273,0
4096.0,sin,0.1250279993942041,4.924273,9223372036854775807
5120.0,bound,-0.1813444790515369,4.924273,9223372036854775807
2048.0,gauss,-0.1264552138484349,4.924273,1
3072.0,linear,0.0,4.924273,2
1024.0,sin,1.4175180869445316,4.924273,1
2560.0,sin,-0.1613948199120725,4.924273,1
1536.0,sin,0.0,4.924273,2
2304.0,bound,0.0,4.924273,3
1280.0,sin,0.0,4.924273,2
fitness,-8
35,10,11,-0.7319021797420184,True
24,10,6,-0.5591266003359308,True
5,2,5,2.4931386184253963,True
15,8,5,0.981294047540374,True
22,10,7,0.9096082744634326,False
23,8,10,-0.5465620823435289,False
3,1,5,0.5346252756845786,True
0,0,4,-0.5868180659073003,True
14,8,6,1.261311847467303,True
16,9,7,1.849747700070367,True
9,6,4,0.8510749340317122,False
2,1,4,1.7626400448761248,True
1,0,5,-4.106397727181443,False
41,12,10,-0.5465620823435289,True
13,0,8,0.9171207108916186,True
7,3,5,-1.0446120629920925,True
10,2,7,-0.3691313707538235,True
28,11,7,2.262650636510199,True
40,8,12,1.0,True
12,7,4,3.030279030058163,True
8,0,6,-3.8109150682848765,True
6,3,4,-2.377403264907607,True
4,2,4,2.587897954916307,True
0.0,sin,0.0,4.924273,0
1024.0,sin,0.0,4.924273,0
2048.0,sin,0.0,4.924273,0
3072.0,sin,0.0,4.924273,0
4096.0,sin,0.1250279993942041,4.924273,9223372036854775807
5120.0,bound,-0.1813444790515369,4.924273,9223372036854775807
2048.0,gauss,-0.1264552138484349,4.924273,1
3072.0,linear,0.0,4.924273,2
1024.0,sin,1.4175180869445316,4.924273,1
2560.0,sin,-0.1613948199120725,4.924273,1
1536.0,sin,0.0,4.924273,2
2304.0,bound,0.0,4.924273,3
1280.0,sin,0.0,4.924273,2
fitness,-8
35,10,11,-0.7319021797420184,True
24,10,6,-0.5591266003359308,True
5,2,5,2.4931386184253963,True
15,8,5,0.981294047540374,True
22,10,7,0.9096082744634326,False
23,8,10,-0.5465620823435289,False
3,1,5,0.5346252756845786,True
0,0,4,-0.5868180659073003,True
14,8,6,1.261311847467303,True
16,9,7,1.849747700070367,True
9,6,4,0.8510749340317122,False
2,1,4,1.7626400448761248,True
1,0,5,-4.106397727181443,False
41,12,10,-0.5465620823435289,True
13,0,8,0.9171207108916186,True
7,3,5,-1.0446120629920925,True
10,2,7,-0.3691313707538235,True
28,11,7,2.262650636510199,True
40,8,12,1.0,True
12,7,4,3.030279030058163,True
8,0,6,-3.8109150682848765,True
6,3,4,-2.377403264907607,True
4,2,4,2.587897954916307,True
0.0,sin,0.0,4.924273,0
1024.0,sin,0.0,4.924273,0
2048.0,sin,0.0,4.924273,0
3072.0,sin,0.0,4.924273,0
4096.0,sin,0.1250279993942041,4.924273,9223372036854775807
5120.0,bound,-0.1813444790515369,4.924273,9223372036854775807
2048.0,gauss,-0.1264552138484349,4.924273,1
3072.0,linear,0.0,4.924273,2
1024.0,sin,1.4175180869445316,4.924273,1
2560.0,sin,-0.1613948199120725,4.924273,1
1536.0,sin,0.0,4.924273,2
2304.0,bound,0.0,4.924273,3
1280.0,sin,0.0,4.924273,2
fitness,-8
35,10,11,-0.7319021797420184,True
24,10,6,-0.5591266003359308,True
5,2,5,2.4931386184253963,True
15,8,5,0.981294047540374,True
22,10,7,0.9096082744634326,False
23,8,10,-0.5465620823435289,False
3,1,5,0.5346252756845786,True
0,0,4,-0.5868180659073003,True
14,8,6,1.261311847467303,True
16,9,7,1.849747700070367,True
9,6,4,0.8510749340317122,False
2,1,4,1.7626400448761248,True
1,0,5,-4.106397727181443,False
41,12,10,-0.5465620823435289,True
13,0,8,0.9171207108916186,True
7,3,5,-1.0446120629920925,True
10,2,7,-0.3691313707538235,True
28,11,7,2.262650636510199,True
40,8,12,1.0,True
12,7,4,3.030279030058163,True
8,0,6,-3.8109150682848765,True
6,3,4,-2.377403264907607,True
4,2,4,2.587897954916307,True
0.0,sin,0.0,4.924273,0
1024.0,sin,0.0,4.924273,0
2048.0,sin,0.0,4.924273,0
3072.0,sin,0.0,4.924273,0
4096.0,sin,0.1250279993942041,4.924273,9223372036854775807
5120.0,bound,-0.1813444790515369,4.924273,9223372036854775807
2048.0,gauss,-0.1264552138484349,4.924273,1
3072.0,linear,0.0,4.924273,2
1024.0,sin,1.4175180869445316,4.924273,1
2560.0,sin,-0.1613948199120725,4.924273,1
1536.0,sin,0.0,4.924273,2
2304.0,bound,0.0,4.924273,3
1280.0,sin,0.0,4.924273,2
fitness,-8
35,10,11,-0.7319021797420184,True
24,10,6,-0.5591266003359308,True
5,2,5,2.4931386184253963,True
15,8,5,0.981294047540374,True
22,10,7,0.9096082744634326,False
23,8,10,-0.5465620823435289,False
3,1,5,0.5346252756845786,True
0,0,4,-0.5868180659073003,True
14,8,6,1.261311847467303,True
16,9,7,1.849747700070367,True
9,6,4,0.8510749340317122,False
2,1,4,1.7626400448761248,True
1,0,5,-4.106397727181443,False
41,12,10,-0.5465620823435289,True
13,0,8,0.9171207108916186,True
7,3,5,-1.0446120629920925,True
10,2,7,-0.3691313707538235,True
28,11,7,2.262650636510199,True
40,8,12,1.0,True
12,7,4,3.030279030058163,True
8,0,6,-3.8109150682848765,True
6,3,4,-2.377403264907607,True
4,2,4,2.587897954916307,True
0.0,sin,0.0,4.924273,0
1024.0,sin,0.0,4.924273,0
2048.0,sin,0.0,4.924273,0
3072.0,sin,0.0,4.924273,0
4096.0,sin,0.1250279993942041,4.924273,9223372036854775807
5120.0,bound,-0.1813444790515369,4.924273,9223372036854775807
2048.0,gauss,-0.1264552138484349,4.924273,1
3072.0,linear,0.0,4.924273,2
1024.0,sin,1.4175180869445316,4.924273,1
2560.0,sin,-0.1613948199120725,4.924273,1
1536.0,sin,0.0,4.924273,2
2304.0,bound,0.0,4.924273,3
1280.0,sin,0.0,4.924273,2
fitness,-8
35,10,11,-0.7319021797420184,True
24,10,6,-0.5591266003359308,True
5,2,5,2.4931386184253963,True
15,8,5,0.981294047540374,True
22,10,7,0.9096082744634326,False
23,8,10,-0.5465620823435289,False
3,1,5,0.5346252756845786,True
0,0,4,-0.5868180659073003,True
14,8,6,1.261311847467303,True
16,9,7,1.849747700070367,True
9,6,4,0.8510749340317122,False
2,1,4,1.7626400448761248,True
1,0,5,-4.106397727181443,False
41,12,10,-0.5465620823435289,True
13,0,8,0.9171207108916186,True
7,3,5,-1.0446120629920925,True
10,2,7,-0.3691313707538235,True
28,11,7,2.262650636510199,True
40,8,12,1.0,True
12,7,4,3.030279030058163,True
8,0,6,-3.8109150682848765,True
6,3,4,-2.377403264907607,True
4,2,4,2.587897954916307,True
0.0,sin,0.0,4.924273,0
1024.0,sin,0.0,4.924273,0
2048.0,sin,0.0,4.924273,0
3072.0,sin,0.0,4.924273,0
4096.0,sin,0.1250279993942041,4.924273,9223372036854775807
5120.0,bound,-0.1813444790515369,4.924273,9223372036854775807
2048.0,gauss,-0.1264552138484349,4.924273,1
3072.0,linear,0.0,4.924273,2
1024.0,sin,1.4175180869445316,4.924273,1
2560.0,sin,-0.1613948199120725,4.924273,1
1536.0,sin,0.0,4.924273,2
2304.0,bound,0.0,4.924273,3
1280.0,sin,0.0,4.924273,2
fitness,-8
8,4,5,-2.1208581753566165,True
2,1,4,-2.555808900537245,True
3,1,5,-1.9354354801420903,True
1,0,5,4.5488443816783075,True
0,0,4,-3.6571324349218592,True
5,2,5,-0.6819310723433523,True
6,3,4,0.7496035514443695,True
4,2,4,1.8250221522598857,True
7,3,5,0.5906088698828033,True
0.0,sin,0.0,4.924273,0
1024.0,sin,0.0,4.924273,0
2048.0,sin,0.0,4.924273,0
3072.0,sin,0.0,4.924273,0
4096.0,sin,0.0,4.924273,9223372036854775807
5120.0,abs,-0.2002124974476258,4.924273,9223372036854775807
fitness,-21
8,4,5,-2.1208581753566165,True
2,1,4,-2.555808900537245,True
3,1,5,-1.9354354801420903,True
1,0,5,4.5488443816783075,True
0,0,4,-3.6571324349218592,True
5,2,5,-0.6819310723433523,True
6,3,4,0.7496035514443695,True
4,2,4,1.8250221522598857,True
7,3,5,0.5906088698828033,True
0.0,sin,0.0,4.924273,0
1024.0,sin,0.0,4.924273,0
2048.0,sin,0.0,4.924273,0
3072.0,sin,0.0,4.924273,0
4096.0,sin,0.0,4.924273,9223372036854775807
5120.0,abs,-0.2002124974476258,4.924273,9223372036854775807
fitness,-21
8,4,5,-2.1208581753566165,True
2,1,4,-2.555808900537245,True
3,1,5,-1.9354354801420903,True
1,0,5,4.5488443816783075,True
0,0,4,-3.6571324349218592,True
5,2,5,-0.6819310723433523,True
6,3,4,0.7496035514443695,True
4,2,4,1.8250221522598857,True
7,3,5,0.5906088698828033,True
0.0,sin,0.0,4.924273,0
1024.0,sin,0.0,4.924273,0
2048.0,sin,0.0,4.924273,0
3072.0,sin,0.0,4.924273,0
4096.0,sin,0.0,4.924273,9223372036854775807
5120.0,abs,-0.2002124974476258,4.924273,9223372036854775807
fitness,-21
8,4,5,-2.1208581753566165,True
2,1,4,-2.555808900537245,True
3,1,5,-1.9354354801420903,True
1,0,5,4.5488443816783075,True
0,0,4,-3.6571324349218592,True
5,2,5,-0.6819310723433523,True
6,3,4,0.7496035514443695,True
4,2,4,1.8250221522598857,True
7,3,5,0.5906088698828033,True
0.0,sin,0.0,4.924273,0
1024.0,sin,0.0,4.924273,0
2048.0,sin,0.0,4.924273,0
3072.0,sin,0.0,4.924273,0
4096.0,sin,0.0,4.924273,9223372036854775807
5120.0,abs,-0.2002124974476258,4.924273,9223372036854775807
fitness,-21
43,14,4,3.9640155170811933,True
37,13,4,-7.255105828628043,True
39,12,5,-4.448479526422188,True
28,2,12,-0.32872494350920733,False
5,2,5,-1.886096764014455,True
46,3,14,1.5958085607651356,True
57,15,12,-4.247391781279736,True
3,1,5,2.131925906545168,True
33,2,13,-1.1358970977236589,True
0,0,4,-0.38909307970981644,True
24,1,10,-4.367593492684037,True
14,8,6,-9.021406562051599,True
44,11,13,-1.708925382414035,True
9,6,4,5.263981198782898,True
45,3,13,-3.0778508809999936,True
2,1,4,-6.282516141819159,True
11,7,5,-7.528689081313538,True
1,0,5,-5.513814384092741,True
19,1,9,0.2536108039920501,True
16,8,7,-11.506900542209381,True
13,0,8,4.562877370520699,True
7,3,5,-0.6773457157003987,True
20,10,5,-2.4332053200353685,True
35,1,12,-2.7561130891983816,True
12,7,4,-7.2155425090967,True
8,0,6,3.5049623417007387,True
15,1,7,0.4289162740150261,True
50,2,15,0.06870772023347893,True
18,9,5,6.669611076746182,True
6,3,4,0.5425068840993745,True
4,2,4,0.8809644420623443,True
36,9,12,3.014282904222556,True
0.0,sin,0.0,4.924273,0
1024.0,sin,0.0,4.924273,0
2048.0,sin,0.0,4.924273,0
3072.0,sin,0.0,4.924273,0
4096.0,sigmoid,-2.6458593617572324,4.924273,9223372036854775807
5120.0,sin,1.7778476994394006,4.924273,9223372036854775807
2048.0,sin,-1.4259120441557238,4.924273,1
3072.0,sin,0.2542283495425245,4.924273,2
1024.0,bound,-0.0009765588467272899,4.924273,1
3072.0,gauss,-0.02282017664348472,4.924273,1
3072.0,gauss,-0.49536355804781657,4.924273,1
3072.0,linear,0.20495224422534908,4.924273,1
4096.0,abs,0.0,4.924273,2
3584.0,sigmoid,-0.35546372227931367,4.924273,2
3584.0,bound,0.006726334764145858,4.924273,1
3072.0,sigmoid,0.8072990102836242,4.924273,1
fitness,-17
43,14,4,3.9640155170811933,True
37,13,4,-7.255105828628043,True
39,12,5,-4.448479526422188,True
28,2,12,-0.32872494350920733,False
5,2,5,-1.886096764014455,True
46,3,14,1.5958085607651356,True
57,15,12,-4.247391781279736,True
3,1,5,2.131925906545168,True
33,2,13,-1.1358970977236589,True
0,0,4,-0.38909307970981644,True
24,1,10,-4.367593492684037,True
14,8,6,-9.021406562051599,True
44,11,13,-1.708925382414035,True
9,6,4,5.263981198782898,True
45,3,13,-3.0778508809999936,True
2,1,4,-6.282516141819159,True
11,7,5,-7.528689081313538,True
1,0,5,-5.513814384092741,True
19,1,9,0.2536108039920501,True
16,8,7,-11.506900542209381,True
13,0,8,4.562877370520699,True
7,3,5,-0.6773457157003987,True
20,10,5,-2.4332053200353685,True
35,1,12,-2.7561130891983816,True
12,7,4,-7.2155425090967,True
8,0,6,3.5049623417007387,True
15,1,7,0.4289162740150261,True
50,2,15,0.06870772023347893,True
18,9,5,6.669611076746182,True
6,3,4,0.5425068840993745,True
4,2,4,0.8809644420623443,True
36,9,12,3.014282904222556,True
0.0,sin,0.0,4.924273,0
1024.0,sin,0.0,4.924273,0
2048.0,sin,0.0,4.924273,0
3072.0,sin,0.0,4.924273,0
4096.0,sigmoid,-2.6458593617572324,4.924273,9223372036854775807
5120.0,sin,1.7778476994394006,4.924273,9223372036854775807
2048.0,sin,-1.4259120441557238,4.924273,1
3072.0,sin,0.2542283495425245,4.924273,2
1024.0,bound,-0.0009765588467272899,4.924273,1
3072.0,gauss,-0.02282017664348472,4.924273,1
3072.0,gauss,-0.49536355804781657,4.924273,1
3072.0,linear,0.20495224422534908,4.924273,1
4096.0,abs,0.0,4.924273,2
3584.0,sigmoid,-0.35546372227931367,4.924273,2
3584.0,bound,0.006726334764145858,4.924273,1
3072.0,sigmoid,0.8072990102836242,4.924273,1
fitness,-17
43,14,4,3.711058070546215,True
37,13,4,-9.334864390075147,True
39,12,5,-6.546527021552779,True
28,2,12,-0.32872494350920733,False
66,16,14,-0.21036996370339356,True
5,2,5,-1.886096764014455,True
46,3,14,0.3763733488770078,False
57,15,12,-4.88670713380867,True
3,1,5,0.72369999906321,True
33,2,13,0.6303517448649958,True
0,0,4,-2.7484030537599144,True
24,1,10,-4.367593492684037,True
14,8,6,-11.576883934695305,True
44,11,13,-1.658834511144197,True
9,6,4,6.093084095606271,True
45,3,13,-3.0447789279534394,True
2,1,4,-4.768249039657421,True
65,3,16,1.0002362283924797,True
11,7,5,-8.067183053886891,True
1,0,5,-4.66151681101933,True
19,1,9,0.03177095889023629,True
16,8,7,-10.552917113072722,True
13,0,8,5.080425678646977,True
7,3,5,-0.6773457157003987,True
20,10,5,-4.178630696311956,True
35,1,12,-3.274176534176388,True
12,7,4,-5.947486941308022,True
8,0,6,3.5049623417007387,True
15,1,7,0.4289162740150261,True
50,2,15,0.6222938962471518,True
18,9,5,9.896829494354787,True
6,3,4,1.08501427040357,True
4,2,4,0.26817719722110056,True
36,9,12,4.803380198954116,True
0.0,sin,0.0,4.924273,0
1024.0,sin,0.0,4.924273,0
2048.0,sin,0.0,4.924273,0
3072.0,sin,0.0,4.924273,0
4096.0,sigmoid,-2.6458593617572324,4.924273,9223372036854775807
5120.0,sin,2.0375998557464046,4.924273,9223372036854775807
2048.0,sin,-1.8257899903188712,4.924273,1
3072.0,sin,0.2542283495425245,4.924273,2
1024.0,bound,-0.0009765588467272899,4.924273,1
3072.0,gauss,-0.02282017664348472,4.924273,1
3072.0,gauss,-0.49536355804781657,4.924273,1
3072.0,linear,0.20495224422534908,4.924273,1
4096.0,abs,0.0,4.924273,2
3584.0,sigmoid,-0.35546372227931367,4.924273,2
3584.0,bound,-0.45098381604501675,4.924273,1
3072.0,sigmoid,0.05064159720341255,4.924273,1
3328.0,abs,0.0,4.924273,1
fitness,-12
43,14,4,3.711058070546215,True
37,13,4,-9.334864390075147,True
39,12,5,-6.546527021552779,True
28,2,12,-0.32872494350920733,False
66,16,14,-0.21036996370339356,True
5,2,5,-1.886096764014455,True
46,3,14,0.3763733488770078,False
57,15,12,-4.88670713380867,True
3,1,5,0.72369999906321,True
33,2,13,0.6303517448649958,True
0,0,4,-2.7484030537599144,True
24,1,10,-4.367593492684037,True
14,8,6,-11.576883934695305,True
44,11,13,-1.658834511144197,True
9,6,4,6.093084095606271,True
45,3,13,-3.0447789279534394,True
2,1,4,-4.768249039657421,True
65,3,16,1.0002362283924797,True
11,7,5,-8.067183053886891,True
1,0,5,-4.66151681101933,True
19,1,9,0.03177095889023629,True
16,8,7,-10.552917113072722,True
13,0,8,5.080425678646977,True
7,3,5,-0.6773457157003987,True
20,10,5,-4.178630696311956,True
35,1,12,-3.274176534176388,True
12,7,4,-5.947486941308022,True
8,0,6,3.5049623417007387,True
15,1,7,0.4289162740150261,True
50,2,15,0.6222938962471518,True
18,9,5,9.896829494354787,True
6,3,4,1.08501427040357,True
4,2,4,0.26817719722110056,True
36,9,12,4.803380198954116,True
0.0,sin,0.0,4.924273,0
1024.0,sin,0.0,4.924273,0
2048.0,sin,0.0,4.924273,0
3072.0,sin,0.0,4.924273,0
4096.0,sigmoid,-2.6458593617572324,4.924273,9223372036854775807
5120.0,sin,2.0375998557464046,4.924273,9223372036854775807
2048.0,sin,-1.8257899903188712,4.924273,1
3072.0,sin,0.2542283495425245,4.924273,2
1024.0,bound,-0.0009765588467272899,4.924273,1
3072.0,gauss,-0.02282017664348472,4.924273,1
3072.0,gauss,-0.49536355804781657,4.924273,1
3072.0,linear,0.20495224422534908,4.924273,1
4096.0,abs,0.0,4.924273,2
3584.0,sigmoid,-0.35546372227931367,4.924273,2
3584.0,bound,-0.45098381604501675,4.924273,1
3072.0,sigmoid,0.05064159720341255,4.924273,1
3328.0,abs,0.0,4.924273,1
fitness,-12
43,14,4,3.711058070546215,True
37,13,4,-9.334864390075147,True
39,12,5,-6.546527021552779,True
28,2,12,-0.32872494350920733,False
66,16,14,-0.21036996370339356,True
5,2,5,-1.886096764014455,True
46,3,14,0.3763733488770078,False
57,15,12,-4.88670713380867,True
3,1,5,0.72369999906321,True
33,2,13,0.6303517448649958,True
0,0,4,-2.7484030537599144,True
24,1,10,-4.367593492684037,True
14,8,6,-11.576883934695305,True
44,11,13,-1.658834511144197,True
9,6,4,6.093084095606271,True
45,3,13,-3.0447789279534394,True
2,1,4,-4.768249039657421,True
65,3,16,1.0002362283924797,True
11,7,5,-8.067183053886891,True
1,0,5,-4.66151681101933,True
19,1,9,0.03177095889023629,True
16,8,7,-10.552917113072722,True
13,0,8,5.080425678646977,True
7,3,5,-0.6773457157003987,True
20,10,5,-4.178630696311956,True
35,1,12,-3.274176534176388,True
12,7,4,-5.947486941308022,True
8,0,6,3.5049623417007387,True
15,1,7,0.4289162740150261,True
50,2,15,0.6222938962471518,True
18,9,5,9.896829494354787,True
6,3,4,1.08501427040357,True
4,2,4,0.26817719722110056,True
36,9,12,4.803380198954116,True
0.0,sin,0.0,4.924273,0
1024.0,sin,0.0,4.924273,0
2048.0,sin,0.0,4.924273,0
3072.0,sin,0.0,4.924273,0
4096.0,sigmoid,-2.6458593617572324,4.924273,9223372036854775807
5120.0,sin,2.0375998557464046,4.924273,9223372036854775807
2048.0,sin,-1.8257899903188712,4.924273,1
3072.0,sin,0.2542283495425245,4.924273,2
1024.0,bound,-0.0009765588467272899,4.924273,1
3072.0,gauss,-0.02282017664348472,4.924273,1
3072.0,gauss,-0.49536355804781657,4.924273,1
3072.0,linear,0.20495224422534908,4.924273,1
4096.0,abs,0.0,4.924273,2
3584.0,sigmoid,-0.35546372227931367,4.924273,2
3584.0,bound,-0.45098381604501675,4.924273,1
3072.0,sigmoid,0.05064159720341255,4.924273,1
3328.0,abs,0.0,4.924273,1
fitness,-12
43,14,4,3.711058070546215,True
37,13,4,-9.334864390075147,True
39,12,5,-6.546527021552779,True
28,2,12,-0.32872494350920733,False
66,16,14,-0.21036996370339356,True
5,2,5,-1.886096764014455,True
46,3,14,0.3763733488770078,False
57,15,12,-4.88670713380867,True
3,1,5,0.72369999906321,True
33,2,13,0.6303517448649958,True
0,0,4,-2.7484030537599144,True
24,1,10,-4.367593492684037,True
14,8,6,-11.576883934695305,True
44,11,13,-1.658834511144197,True
9,6,4,6.093084095606271,True
45,3,13,-3.0447789279534394,True
2,1,4,-4.768249039657421,True
65,3,16,1.0002362283924797,True
11,7,5,-8.067183053886891,True
1,0,5,-4.66151681101933,True
19,1,9,0.03177095889023629,True
16,8,7,-10.552917113072722,True
13,0,8,5.080425678646977,True
7,3,5,-0.6773457157003987,True
20,10,5,-4.178630696311956,True
35,1,12,-3.274176534176388,True
12,7,4,-5.947486941308022,True
8,0,6,3.5049623417007387,True
15,1,7,0.4289162740150261,True
50,2,15,0.6222938962471518,True
18,9,5,9.896829494354787,True
6,3,4,1.08501427040357,True
4,2,4,0.26817719722110056,True
36,9,12,4.803380198954116,True
0.0,sin,0.0,4.924273,0
1024.0,sin,0.0,4.924273,0
2048.0,sin,0.0,4.924273,0
3072.0,sin,0.0,4.924273,0
4096.0,sigmoid,-2.6458593617572324,4.924273,9223372036854775807
5120.0,sin,2.0375998557464046,4.924273,9223372036854775807
2048.0,sin,-1.8257899903188712,4.924273,1
3072.0,sin,0.2542283495425245,4.924273,2
1024.0,bound,-0.0009765588467272899,4.924273,1
3072.0,gauss,-0.02282017664348472,4.924273,1
3072.0,gauss,-0.49536355804781657,4.924273,1
3072.0,linear,0.20495224422534908,4.924273,1
4096.0,abs,0.0,4.924273,2
3584.0,sigmoid,-0.35546372227931367,4.924273,2
3584.0,bound,-0.45098381604501675,4.924273,1
3072.0,sigmoid,0.05064159720341255,4.924273,1
3328.0,abs,0.0,4.924273,1
fitness,-12
43,14,4,3.711058070546215,True
37,13,4,-9.334864390075147,True
39,12,5,-6.546527021552779,True
28,2,12,-0.32872494350920733,False
66,16,14,-0.21036996370339356,True
5,2,5,-1.886096764014455,True
46,3,14,0.3763733488770078,False
57,15,12,-4.88670713380867,True
3,1,5,0.72369999906321,True
33,2,13,0.6303517448649958,True
0,0,4,-2.7484030537599144,True
24,1,10,-4.367593492684037,True
14,8,6,-11.576883934695305,True
44,11,13,-1.658834511144197,True
9,6,4,6.093084095606271,True
45,3,13,-3.0447789279534394,True
2,1,4,-4.768249039657421,True
65,3,16,1.0002362283924797,True
11,7,5,-8.067183053886891,True
1,0,5,-4.66151681101933,True
19,1,9,0.03177095889023629,True
16,8,7,-10.552917113072722,True
13,0,8,5.080425678646977,True
7,3,5,-0.6773457157003987,True
20,10,5,-4.178630696311956,True
35,1,12,-3.274176534176388,True
12,7,4,-5.947486941308022,True
8,0,6,3.5049623417007387,True
15,1,7,0.4289162740150261,True
50,2,15,0.6222938962471518,True
18,9,5,9.896829494354787,True
6,3,4,1.08501427040357,True
4,2,4,0.26817719722110056,True
36,9,12,4.803380198954116,True
0.0,sin,0.0,4.924273,0
1024.0,sin,0.0,4.924273,0
2048.0,sin,0.0,4.924273,0
3072.0,sin,0.0,4.924273,0
4096.0,sigmoid,-2.6458593617572324,4.924273,9223372036854775807
5120.0,sin,2.0375998557464046,4.924273,9223372036854775807
2048.0,sin,-1.8257899903188712,4.924273,1
3072.0,sin,0.2542283495425245,4.924273,2
1024.0,bound,-0.0009765588467272899,4.924273,1
3072.0,gauss,-0.02282017664348472,4.924273,1
3072.0,gauss,-0.49536355804781657,4.924273,1
3072.0,linear,0.20495224422534908,4.924273,1
4096.0,abs,0.0,4.924273,2
3584.0,sigmoid,-0.35546372227931367,4.924273,2
3584.0,bound,-0.45098381604501675,4.924273,1
3072.0,sigmoid,0.05064159720341255,4.924273,1
3328.0,abs,0.0,4.924273,1
fitness,-12
37,13,4,-2.0414434759267786,True
39,12,5,-6.259677569884835,True
28,2,12,1.9943666529871438,True
5,2,5,-2.168429598635507,True
42,2,14,-1.4471529859047998,True
47,14,5,-3.719347327403612,True
3,1,5,2.5290441727693445,True
0,0,4,1.7864907588829055,True
24,1,10,4.193734391256063,True
14,8,6,-5.919560853428433,True
44,11,13,1.5396099819369966,True
9,6,4,-1.2508623376081194,True
35,11,4,6.36422880143363,True
26,6,11,2.482558695339539,True
2,1,4,2.257815167103913,False
1,0,5,-0.2001212693695742,True
19,1,9,0.36423982417556205,True
16,8,7,-8.077446690041443,True
13,0,8,4.111390763076236,True
7,3,5,-2.0941852634791713,True
20,10,5,3.2731413946638637,True
12,7,4,4.084317347092236,True
8,0,6,1.8163770710071216,True
15,1,7,-3.050878242611229,True
18,9,5,1.7915054817428575,True
6,3,4,8.546762511585893,True
4,2,4,3.6281151760166144,True
36,9,12,1.8003430986089255,True
0.0,sin,0.0,4.924273,0
1024.0,sin,0.0,4.924273,0
2048.0,sin,0.0,4.924273,0
3072.0,sin,0.0,4.924273,0
4096.0,gauss,-0.8473853473069768,4.924273,9223372036854775807
5120.0,sin,2.66142453070833,4.924273,9223372036854775807
2048.0,abs,-0.6065560209914584,4.924273,1
3072.0,gauss,-0.47953942664478916,4.924273,2
1024.0,bound,0.5730225374107951,4.924273,1
3072.0,gauss,-1.7373540773299707,4.924273,1
3072.0,abs,-0.31634654255502803,4.924273,1
3072.0,linear,-0.7636052797314523,4.924273,1
4096.0,linear,-0.1851027135010629,4.924273,2
3584.0,sin,0.0,4.924273,2
3584.0,gauss,-0.8556847557622398,4.924273,1
fitness,-15
37,13,4,-2.0414434759267786,True
39,12,5,-6.259677569884835,True
28,2,12,1.9943666529871438,True
5,2,5,-2.168429598635507,True
42,2,14,-1.4471529859047998,True
47,14,5,-3.719347327403612,True
3,1,5,2.5290441727693445,True
0,0,4,1.7864907588829055,True
24,1,10,4.193734391256063,True
14,8,6,-5.919560853428433,True
44,11,13,1.5396099819369966,True
9,6,4,-1.2508623376081194,True
35,11,4,6.36422880143363,True
26,6,11,2.482558695339539,True
2,1,4,2.257815167103913,False
1,0,5,-0.2001212693695742,True
19,1,9,0.36423982417556205,True
16,8,7,-8.077446690041443,True
13,0,8,4.111390763076236,True
7,3,5,-2.0941852634791713,True
20,10,5,3.2731413946638637,True
12,7,4,4.084317347092236,True
8,0,6,1.8163770710071216,True
15,1,7,-3.050878242611229,True
18,9,5,1.7915054817428575,True
6,3,4,8.546762511585893,True
4,2,4,3.6281151760166144,True
36,9,12,1.8003430986089255,True
0.0,sin,0.0,4.924273,0
1024.0,sin,0.0,4.924273,0
2048.0,sin,0.0,4.924273,0
3072.0,sin,0.0,4.924273,0
4096.0,gauss,-0.8473853473069768,4.924273,9223372036854775807
5120.0,sin,2.66142453070833,4.924273,9223372036854775807
2048.0,abs,-0.6065560209914584,4.924273,1
3072.0,gauss,-0.47953942664478916,4.924273,2
1024.0,bound,0.5730225374107951,4.924273,1
3072.0,gauss,-1.7373540773299707,4.924273,1
3072.0,abs,-0.31634654255502803,4.924273,1
3072.0,linear,-0.7636052797314523,4.924273,1
4096.0,linear,-0.1851027135010629,4.924273,2
3584.0,sin,0.0,4.924273,2
3584.0,gauss,-0.8556847557622398,4.924273,1
fitness,-15
37,13,4,-2.0414434759267786,True
39,12,5,-6.259677569884835,True
28,2,12,1.9943666529871438,True
5,2,5,-2.168429598635507,True
42,2,14,-1.4471529859047998,True
47,14,5,-3.719347327403612,True
3,1,5,2.5290441727693445,True
0,0,4,1.7864907588829055,True
24,1,10,4.193734391256063,True
14,8,6,-5.919560853428433,True
44,11,13,1.5396099819369966,True
9,6,4,-1.2508623376081194,True
35,11,4,6.36422880143363,True
26,6,11,2.482558695339539,True
2,1,4,2.257815167103913,False
1,0,5,-0.2001212693695742,True
19,1,9,0.36423982417556205,True
16,8,7,-8.077446690041443,True
13,0,8,4.111390763076236,True
7,3,5,-2.0941852634791713,True
20,10,5,3.2731413946638637,True
12,7,4,4.084317347092236,True
8,0,6,1.8163770710071216,True
15,1,7,-3.050878242611229,True
18,9,5,1.7915054817428575,True
6,3,4,8.546762511585893,True
4,2,4,3.6281151760166144,True
36,9,12,1.8003430986089255,True
0.0,sin,0.0,4.924273,0
1024.0,sin,0.0,4.924273,0
2048.0,sin,0.0,4.924273,0
3072.0,sin,0.0,4.924273,0
4096.0,gauss,-0.8473853473069768,4.924273,9223372036854775807
5120.0,sin,2.66142453070833,4.924273,9223372036854775807
2048.0,abs,-0.6065560209914584,4.924273,1
3072.0,gauss,-0.47953942664478916,4.924273,2
1024.0,bound,0.5730225374107951,4.924273,1
3072.0,gauss,-1.7373540773299707,4.924273,1
3072.0,abs,-0.31634654255502803,4.924273,1
3072.0,linear,-0.7636052797314523,4.924273,1
4096.0,linear,-0.1851027135010629,4.924273,2
3584.0,sin,0.0,4.924273,2
3584.0,gauss,-0.8556847557622398,4.924273,1
fitness,-15
37,13,4,-2.0414434759267786,True
39,12,5,-6.259677569884835,True
28,2,12,1.9943666529871438,True
5,2,5,-2.168429598635507,True
42,2,14,-1.4471529859047998,True
47,14,5,-3.719347327403612,True
3,1,5,2.5290441727693445,True
0,0,4,1.7864907588829055,True
24,1,10,4.193734391256063,True
14,8,6,-5.919560853428433,True
44,11,13,1.5396099819369966,True
9,6,4,-1.2508623376081194,True
35,11,4,6.36422880143363,True
26,6,11,2.482558695339539,True
2,1,4,2.257815167103913,False
1,0,5,-0.2001212693695742,True
19,1,9,0.36423982417556205,True
16,8,7,-8.077446690041443,True
13,0,8,4.111390763076236,True
7,3,5,-2.0941852634791713,True
20,10,5,3.2731413946638637,True
12,7,4,4.084317347092236,True
8,0,6,1.8163770710071216,True
15,1,7,-3.050878242611229,True
18,9,5,1.7915054817428575,True
6,3,4,8.546762511585893,True
4,2,4,3.6281151760166144,True
36,9,12,1.8003430986089255,True
0.0,sin,0.0,4.924273,0
1024.0,sin,0.0,4.924273,0
2048.0,sin,0.0,4.924273,0
3072.0,sin,0.0,4.924273,0
4096.0,gauss,-0.8473853473069768,4.924273,9223372036854775807
5120.0,sin,2.66142453070833,4.924273,9223372036854775807
2048.0,abs,-0.6065560209914584,4.924273,1
3072.0,gauss,-0.47953942664478916,4.924273,2
1024.0,bound,0.5730225374107951,4.924273,1
3072.0,gauss,-1.7373540773299707,4.924273,1
3072.0,abs,-0.31634654255502803,4.924273,1
3072.0,linear,-0.7636052797314523,4.924273,1
4096.0,linear,-0.1851027135010629,4.924273,2
3584.0,sin,0.0,4.924273,2
3584.0,gauss,-0.8556847557622398,4.924273,1
fitness,-15
37,13,4,-2.0414434759267786,True
39,12,5,-6.259677569884835,True
28,2,12,1.9943666529871438,True
5,2,5,-2.168429598635507,True
42,2,14,-1.4471529859047998,True
47,14,5,-3.719347327403612,True
3,1,5,2.5290441727693445,True
0,0,4,1.7864907588829055,True
24,1,10,4.193734391256063,True
14,8,6,-5.919560853428433,True
44,11,13,1.5396099819369966,True
9,6,4,-1.2508623376081194,True
35,11,4,6.36422880143363,True
26,6,11,2.482558695339539,True
2,1,4,2.257815167103913,False
1,0,5,-0.2001212693695742,True
19,1,9,0.36423982417556205,True
16,8,7,-8.077446690041443,True
13,0,8,4.111390763076236,True
7,3,5,-2.0941852634791713,True
20,10,5,3.2731413946638637,True
12,7,4,4.084317347092236,True
8,0,6,1.8163770710071216,True
15,1,7,-3.050878242611229,True
18,9,5,1.7915054817428575,True
6,3,4,8.546762511585893,True
4,2,4,3.6281151760166144,True
36,9,12,1.8003430986089255,True
0.0,sin,0.0,4.924273,0
1024.0,sin,0.0,4.924273,0
2048.0,sin,0.0,4.924273,0
3072.0,sin,0.0,4.924273,0
4096.0,gauss,-0.8473853473069768,4.924273,9223372036854775807
5120.0,sin,2.66142453070833,4.924273,9223372036854775807
2048.0,abs,-0.6065560209914584,4.924273,1
3072.0,gauss,-0.47953942664478916,4.924273,2
1024.0,bound,0.5730225374107951,4.924273,1
3072.0,gauss,-1.7373540773299707,4.924273,1
3072.0,abs,-0.31634654255502803,4.924273,1
3072.0,linear,-0.7636052797314523,4.924273,1
4096.0,linear,-0.1851027135010629,4.924273,2
3584.0,sin,0.0,4.924273,2
3584.0,gauss,-0.8556847557622398,4.924273,1
fitness,-15
